"รหัส","รายการ","หมวด","หน่วย","ปริมาณ","ราคาต่อหน่วย","เป็นเงิน"
"1","ก่อสร้างคันหินวางบนฐานรากเสาเข็ม ความยาวประมาณ 20 เมตร คันหินความยาวประมาณ 5,175 เมตร","ก่อสร้างคันหินวางบนฐานรากเสาเข็ม ความยาวประมาณ 20 เมตร คันหินความยาวประมาณ 5,175 เมตร","","","",""
"1.1","งานดำเนินการเพื่อการก่อสร้างงานหินถมป้องกันการกัดเซาะ","ก่อสร้างคันหินวางบนฐานรากเสาเข็ม ความยาวประมาณ 20 เมตร คันหินความยาวประมาณ 5,175 เมตร","","","",""
"1.1.1","จัดทำท่าขึ้นลงสำหรับวัสดุก่อสร้าง (Steel Platform ขนาด 216 ตร.ม.)","ก่อสร้างคันหินวางบนฐานรากเสาเข็ม ความยาวประมาณ 20 เมตร คันหินความยาวประมาณ 5,175 เมตร","ตร.ม.","216","14583","3149928"
"1.1.2","จัดทำทางลำเลียงสำหรับสัญจรและขนส่งวัสดุก่อสร้างเพื่อก่อสร้าง Steel Platform","ก่อสร้างคันหินวางบนฐานรากเสาเข็ม ความยาวประมาณ 20 เมตร คันหินความยาวประมาณ 5,175 เมตร","ตร.ม.","650","3814","2479100"
"1.1.3","จัดหาและติดตั้งนั่งร้านสำหรับกองวัสดุ (Stock Pile) ในทะเล","ก่อสร้างคันหินวางบนฐานรากเสาเข็ม ความยาวประมาณ 20 เมตร คันหินความยาวประมาณ 5,175 เมตร","ตร.ม.","1068","14470","15453960"
"1.1.4","จัดหาและติดตั้งนั่งร้านตอกเสาเข็มขณะก่อสร้าง ในทะเล","ก่อสร้างคันหินวางบนฐานรากเสาเข็ม ความยาวประมาณ 20 เมตร คันหินความยาวประมาณ 5,175 เมตร","ตร.ม.","102800","1458","149882400"
"1.1.5","งานทางเชื่อมระหว่าง Steel Platform กับคันหินและระหว่างก่อสร้างคันหิน ในทะเล","ก่อสร้างคันหินวางบนฐานรากเสาเข็ม ความยาวประมาณ 20 เมตร คันหินความยาวประมาณ 5,175 เมตร","แห่ง","40","515989","20639560"
"1.1.6","งานปรับปรุงร่องน้ำสำหรับเดินเรือบรรทุกในการขนส่งวัสดุขณะก่อสร้าง ในทะเล","ก่อสร้างคันหินวางบนฐานรากเสาเข็ม ความยาวประมาณ 20 เมตร คันหินความยาวประมาณ 5,175 เมตร","เมตร","2500","2614","6535000"
"1.2","งานป้องกันคลื่นแรงกระแทกและแรงลมด้วยแผงกั้นเหล็ก ในทะเล","ก่อสร้างคันหินวางบนฐานรากเสาเข็ม ความยาวประมาณ 20 เมตร คันหินความยาวประมาณ 5,175 เมตร","เมตร","190","76726","14577940"
"","งานหินถมคันหินป้องกันการกัดเซาะ","ก่อสร้างคันหินวางบนฐานรากเสาเข็ม ความยาวประมาณ 20 เมตร คันหินความยาวประมาณ 5,175 เมตร","","","",""
"1.3","งานจัดหาและติดตั้ง เสาเข็ม คาน พื้น และเข็มพืดคอนกรีตอัดแรง","ก่อสร้างคันหินวางบนฐานรากเสาเข็ม ความยาวประมาณ 20 เมตร คันหินความยาวประมาณ 5,175 เมตร","","","",""
"1.3.1","งานตอกเสาเข็ม คอร. ขนาด 0.35x0.35x20 ม.","ก่อสร้างคันหินวางบนฐานรากเสาเข็ม ความยาวประมาณ 20 เมตร คันหินความยาวประมาณ 5,175 เมตร","ต้น","15660","24566","384703560"
"1.3.2","งานคาน ค.ส.ล. ขนาด 0.30x0.50 ม.","ก่อสร้างคันหินวางบนฐานรากเสาเข็ม ความยาวประมาณ 20 เมตร คันหินความยาวประมาณ 5,175 เมตร","เมตร","63133","1885","119005705"
"1.3.3","งานพื้น ค.ส.ล. S1 - S8 หนา 0.25 ม.","ก่อสร้างคันหินวางบนฐานรากเสาเข็ม ความยาวประมาณ 20 เมตร คันหินความยาวประมาณ 5,175 เมตร","ตร.ม.","84640","3113","263484320"
"1.3.4","งานเข็มพืดคอนกรีต ขนาด 0.53x0.15x5.00 ม.","ก่อสร้างคันหินวางบนฐานรากเสาเข็ม ความยาวประมาณ 20 เมตร คันหินความยาวประมาณ 5,175 เมตร","ต้น","11000","4823","53053000"
"1.4","งานจัดหาและติดตั้งหินถมคันหินป้องกันการกัดเซาะ","ก่อสร้างคันหินวางบนฐานรากเสาเข็ม ความยาวประมาณ 20 เมตร คันหินความยาวประมาณ 5,175 เมตร","","","",""
"1.4.1","งานถมคันหินชั้นใน ขนาด 0.40 - 0.45 ม.","ก่อสร้างคันหินวางบนฐานรากเสาเข็ม ความยาวประมาณ 20 เมตร คันหินความยาวประมาณ 5,175 เมตร","ลบ.ม.","131490","1469","193158810"
"1.4.2","งานถมคันหินชั้นนอก ขนาด 0.85 - 0.90 ม.","ก่อสร้างคันหินวางบนฐานรากเสาเข็ม ความยาวประมาณ 20 เมตร คันหินความยาวประมาณ 5,175 เมตร","ลบ.ม.","35970","1380","49638600"
"1.5","งานจัดหาและติดตั้งขอบคอนกรีตและยึดเข็มพืด","ก่อสร้างคันหินวางบนฐานรากเสาเข็ม ความยาวประมาณ 20 เมตร คันหินความยาวประมาณ 5,175 เมตร","เมตร","5600","6932","38819200"
"1.6","งานคอนกรีตยึดหัวเสาเข็มและพื้น ค.ส.ล.","ก่อสร้างคันหินวางบนฐานรากเสาเข็ม ความยาวประมาณ 20 เมตร คันหินความยาวประมาณ 5,175 เมตร","","","",""
"1.6.1","งานคอนกรีตยึดหัวเสาเข็ม (Non Shrink)","ก่อสร้างคันหินวางบนฐานรากเสาเข็ม ความยาวประมาณ 20 เมตร คันหินความยาวประมาณ 5,175 เมตร","ต้น","15660","1795","28109700"
"1.7","งานจัดหาและติดตั้งป้ายโครงการและป้ายสัญลักษณ์","ก่อสร้างคันหินวางบนฐานรากเสาเข็ม ความยาวประมาณ 20 เมตร คันหินความยาวประมาณ 5,175 เมตร","","","",""
"1.7.1","งานป้ายรายละเอียดโครงการ","ก่อสร้างคันหินวางบนฐานรากเสาเข็ม ความยาวประมาณ 20 เมตร คันหินความยาวประมาณ 5,175 เมตร","แห่ง","1","28042","28042"
"1.7.2","งานป้ายบริเวณหัวเขื่อนและท้ายเขื่อน","ก่อสร้างคันหินวางบนฐานรากเสาเข็ม ความยาวประมาณ 20 เมตร คันหินความยาวประมาณ 5,175 เมตร","แห่ง","2","17947","35894"
"1.7.3","งานป้ายบริเวณกลางเขื่อน","ก่อสร้างคันหินวางบนฐานรากเสาเข็ม ความยาวประมาณ 20 เมตร คันหินความยาวประมาณ 5,175 เมตร","แห่ง","1","12338","12338"
"1.8","งานจัดหาและติดตั้งหลักเขตกรุงเทพมหานคร","ก่อสร้างคันหินวางบนฐานรากเสาเข็ม ความยาวประมาณ 20 เมตร คันหินความยาวประมาณ 5,175 เมตร","แห่ง","2","252385","504770"
"1.9","งานจัดหาและติดตั้งระบบป้องกันโครงสร้างสะพานคนเดินของสำนักงานเขตบางขุนเทียน ในทะเล","ก่อสร้างคันหินวางบนฐานรากเสาเข็ม ความยาวประมาณ 20 เมตร คันหินความยาวประมาณ 5,175 เมตร","เมตร","245","1571","384895"
"1.1","งานเจาะสำรวจดินลึก 50 เมตร ตามแนวคันหินทุกระยะ 500 ม.","ก่อสร้างคันหินวางบนฐานรากเสาเข็ม ความยาวประมาณ 20 เมตร คันหินความยาวประมาณ 5,175 เมตร","หลุม","11","53281","586091"
"","และที่ศูนย์สำรวจและเฝ้าระวังชายฝั่ง","ก่อสร้างคันหินวางบนฐานรากเสาเข็ม ความยาวประมาณ 20 เมตร คันหินความยาวประมาณ 5,175 เมตร","","","",""
"1.11","งานทดสอบการรับน้ำหนักของเสาเข็ม Dynamic Load Test","ก่อสร้างคันหินวางบนฐานรากเสาเข็ม ความยาวประมาณ 20 เมตร คันหินความยาวประมาณ 5,175 เมตร","ต้น","50","31969","1598450"
"2","ก่อสร้างศูนย์สำรวจและเฝ้าระวังชายฝั่ง จุดชมวิว และท่าเรือ จำนวน 1 แห่ง","ก่อสร้างศูนย์สำรวจและเฝ้าระวังชายฝั่ง จุดชมวิว และท่าเรือ จำนวน 1 แห่ง","","","",""
"2.1","งานเตรียมการก่อสร้างศูนย์สำรวจบริเวณศูนย์สำรวจและเฝ้าระวังชายฝั่งทะเล","ก่อสร้างศูนย์สำรวจและเฝ้าระวังชายฝั่ง จุดชมวิว และท่าเรือ จำนวน 1 แห่ง","ตร.ม.","5880","1234","7255920"
"2.2","งานรักษาและดูแลระบบนิเวศน์เดิมบริเวณศูนย์สำรวจและเฝ้าระวังชายฝั่งทะเล","ก่อสร้างศูนย์สำรวจและเฝ้าระวังชายฝั่ง จุดชมวิว และท่าเรือ จำนวน 1 แห่ง","","","",""
"","- งานขุดและล้อมพันธุ์ไม้ที่ได้รับผลกระทบจากงานก่อสร้างศูนย์สำรวจและเฝ้าระวังชายฝั่ง","ก่อสร้างศูนย์สำรวจและเฝ้าระวังชายฝั่ง จุดชมวิว และท่าเรือ จำนวน 1 แห่ง","","","",""
"2.2.1","งานเตรียมพื้นที่","ก่อสร้างศูนย์สำรวจและเฝ้าระวังชายฝั่ง จุดชมวิว และท่าเรือ จำนวน 1 แห่ง","แห่ง","1","9763","9763"
"2.2.2","งานขุดล้อมต้นแสมและขนย้ายเพื่อเตรียมปลูก","ก่อสร้างศูนย์สำรวจและเฝ้าระวังชายฝั่ง จุดชมวิว และท่าเรือ จำนวน 1 แห่ง","ต้น","110","7964","876040"
"2.2.3","งานปลูกต้นแสมและดูแลรักษา","ก่อสร้างศูนย์สำรวจและเฝ้าระวังชายฝั่ง จุดชมวิว และท่าเรือ จำนวน 1 แห่ง","ต้น","110","1873","206030"
"2.3","งานดำเนินการด้านสิ่งแวดล้อม ฟื้นฟูป่าชายเลนบางขุนเทียน","ก่อสร้างศูนย์สำรวจและเฝ้าระวังชายฝั่ง จุดชมวิว และท่าเรือ จำนวน 1 แห่ง","","","",""
"","(ปลูกป่าชายเลน 572 ไร่ ช่วงงานก่อสร้าง)","ก่อสร้างศูนย์สำรวจและเฝ้าระวังชายฝั่ง จุดชมวิว และท่าเรือ จำนวน 1 แห่ง","","","",""
"2.3.1","งานปลูกป่าชายเลน","ก่อสร้างศูนย์สำรวจและเฝ้าระวังชายฝั่ง จุดชมวิว และท่าเรือ จำนวน 1 แห่ง","ไร่","572","7763","4440436"
"2.3.2","งานดูแลและบำรุงรักษาป่าชายเลน","ก่อสร้างศูนย์สำรวจและเฝ้าระวังชายฝั่ง จุดชมวิว และท่าเรือ จำนวน 1 แห่ง","ไร่","572","1402","801944"
"2.3.3","งานจัดทำแนวป้องกันคลื่นด้านในตลอดแนวคันหินเพื่อปลูกป่าชายเลน ในทะเล","ก่อสร้างศูนย์สำรวจและเฝ้าระวังชายฝั่ง จุดชมวิว และท่าเรือ จำนวน 1 แห่ง","เมตร","15000","3776.3","56644500"
"2.4","กลุ่มงานที่ 1 ลานกิจกรรมกลางแจ้ง (Zone A)","ก่อสร้างศูนย์สำรวจและเฝ้าระวังชายฝั่ง จุดชมวิว และท่าเรือ จำนวน 1 แห่ง","","","",""
"","งานโครงสร้างวิศวกรรม","ก่อสร้างศูนย์สำรวจและเฝ้าระวังชายฝั่ง จุดชมวิว และท่าเรือ จำนวน 1 แห่ง","","","",""
"2.4.1","งานจัดหาและติดตั้งเสาเข็ม","ก่อสร้างศูนย์สำรวจและเฝ้าระวังชายฝั่ง จุดชมวิว และท่าเรือ จำนวน 1 แห่ง","","","",""
"2.4.1.1","งานตอกเสาเข็ม คอร. ขนาด 0.40x0.40 ม.","ก่อสร้างศูนย์สำรวจและเฝ้าระวังชายฝั่ง จุดชมวิว และท่าเรือ จำนวน 1 แห่ง","ต้น","54","27898","1506492"
"2.4.1.2","งานสกัดหัวเสาเข็ม","ก่อสร้างศูนย์สำรวจและเฝ้าระวังชายฝั่ง จุดชมวิว และท่าเรือ จำนวน 1 แห่ง","ต้น","54","415","22410"
"2.4.1.3","งานทดสอบการรับน้ำหนักของเสาเข็ม Dynamic Load Test","ก่อสร้างศูนย์สำรวจและเฝ้าระวังชายฝั่ง จุดชมวิว และท่าเรือ จำนวน 1 แห่ง","ต้น","1","31970","31970"
"2.4.2","งานโครงสร้างคอนกรีตเสริมเหล็ก","ก่อสร้างศูนย์สำรวจและเฝ้าระวังชายฝั่ง จุดชมวิว และท่าเรือ จำนวน 1 แห่ง","แห่ง","1","2123743","2123743"
"2.4.3","งานจัดหาและติดตั้งโครงหลังคา","ก่อสร้างศูนย์สำรวจและเฝ้าระวังชายฝั่ง จุดชมวิว และท่าเรือ จำนวน 1 แห่ง","แห่ง","1","132362","132362"
"2.4.4","งานจัดหาและติดตั้งรางระบายน้ำ ค.ส.ล.","ก่อสร้างศูนย์สำรวจและเฝ้าระวังชายฝั่ง จุดชมวิว และท่าเรือ จำนวน 1 แห่ง","เมตร","14","1368","19152"
"","งานสถาปัตยกรรม","ก่อสร้างศูนย์สำรวจและเฝ้าระวังชายฝั่ง จุดชมวิว และท่าเรือ จำนวน 1 แห่ง","","","",""
"2.4.5","งานจัดหาและติดตั้งวัสดุมุงหลังคาและส่วนประกอบอื่นๆ","ก่อสร้างศูนย์สำรวจและเฝ้าระวังชายฝั่ง จุดชมวิว และท่าเรือ จำนวน 1 แห่ง","แห่ง","1","72126","72126"
"2.4.6","งานจัดหาและติดตั้ง ตกแต่งพื้น / ทางเดิน / ทางลาด","ก่อสร้างศูนย์สำรวจและเฝ้าระวังชายฝั่ง จุดชมวิว และท่าเรือ จำนวน 1 แห่ง","แห่ง","1","752031","752031"
"2.4.7","งานจัดหาและติดตั้งประตู-หน้าต่าง","ก่อสร้างศูนย์สำรวจและเฝ้าระวังชายฝั่ง จุดชมวิว และท่าเรือ จำนวน 1 แห่ง","แห่ง","1","32643","32643"
"2.4.8","งานจัดหาและติดตั้งลูกกรงและราวกันตก","ก่อสร้างศูนย์สำรวจและเฝ้าระวังชายฝั่ง จุดชมวิว และท่าเรือ จำนวน 1 แห่ง","แห่ง","1","268772","268772"
"2.4.9","งานภูมิทัศน์","ก่อสร้างศูนย์สำรวจและเฝ้าระวังชายฝั่ง จุดชมวิว และท่าเรือ จำนวน 1 แห่ง","","","",""
"2.4.9.1","งานแปลงปลูกต้นไม้ (ต้นคริสติน่าสูง 1.00 ม. กระถางปูนขนาด 0.40x0.40 ม.","ก่อสร้างศูนย์สำรวจและเฝ้าระวังชายฝั่ง จุดชมวิว และท่าเรือ จำนวน 1 แห่ง","ตร.ม.","44","1750","77000"
"4","กระถาง/ตร.ม.)","ก่อสร้างศูนย์สำรวจและเฝ้าระวังชายฝั่ง จุดชมวิว และท่าเรือ จำนวน 1 แห่ง","","","",""
"2.4.9.2","งานปลูกป่าชายเลนภายในพื้นที่ (โกงกางใบเล็ก)","ก่อสร้างศูนย์สำรวจและเฝ้าระวังชายฝั่ง จุดชมวิว และท่าเรือ จำนวน 1 แห่ง","ต้น","2400","43.75","105000"
"2.4.9.3","งานปลูกป่าชายเลนภายนอกพื้นที่ (โกงกางใบใหญ่)","ก่อสร้างศูนย์สำรวจและเฝ้าระวังชายฝั่ง จุดชมวิว และท่าเรือ จำนวน 1 แห่ง","ต้น","350","87.5","30625"
"2.5","กลุ่มงานที่ 2 ร้านค้า ห้องแสดงนิทรรศการ ห้องน้ำ (Zone B)","ก่อสร้างศูนย์สำรวจและเฝ้าระวังชายฝั่ง จุดชมวิว และท่าเรือ จำนวน 1 แห่ง","","","",""
"","งานโครงสร้างวิศวกรรม","ก่อสร้างศูนย์สำรวจและเฝ้าระวังชายฝั่ง จุดชมวิว และท่าเรือ จำนวน 1 แห่ง","","","",""
"2.5.1","งานจัดหาและติดตั้งเสาเข็ม","ก่อสร้างศูนย์สำรวจและเฝ้าระวังชายฝั่ง จุดชมวิว และท่าเรือ จำนวน 1 แห่ง","","","",""
"2.5.1.1","งานตอกเสาเข็ม คอร. ขนาด 0.40x0.40 ม.","ก่อสร้างศูนย์สำรวจและเฝ้าระวังชายฝั่ง จุดชมวิว และท่าเรือ จำนวน 1 แห่ง","ต้น","72","27898","2008656"
"2.5.1.2","งานสกัดหัวเสาเข็ม","ก่อสร้างศูนย์สำรวจและเฝ้าระวังชายฝั่ง จุดชมวิว และท่าเรือ จำนวน 1 แห่ง","ต้น","72","415","29880"
"2.5.1.3","งานทดสอบการรับน้ำหนักของเสาเข็ม Dynamic Load Test","ก่อสร้างศูนย์สำรวจและเฝ้าระวังชายฝั่ง จุดชมวิว และท่าเรือ จำนวน 1 แห่ง","ต้น","1","31969","31969"
"2.5.2","งานโครงสร้างคอนกรีตเสริมเหล็ก","ก่อสร้างศูนย์สำรวจและเฝ้าระวังชายฝั่ง จุดชมวิว และท่าเรือ จำนวน 1 แห่ง","แห่ง","1","2964806","2964806"
"2.5.3","งานจัดหาและติดตั้งโครงหลังคา","ก่อสร้างศูนย์สำรวจและเฝ้าระวังชายฝั่ง จุดชมวิว และท่าเรือ จำนวน 1 แห่ง","แห่ง","1","1394516","1394516"
"","งานสถาปัตยกรรม","ก่อสร้างศูนย์สำรวจและเฝ้าระวังชายฝั่ง จุดชมวิว และท่าเรือ จำนวน 1 แห่ง","","","",""
"2.5.4","งานจัดหาและติดตั้งวัสดุมุงหลังคาและส่วนประกอบอื่นๆ","ก่อสร้างศูนย์สำรวจและเฝ้าระวังชายฝั่ง จุดชมวิว และท่าเรือ จำนวน 1 แห่ง","แห่ง","1","757046","757046"
"2.5.5","งานจัดหาและติดตั้ง ฝ้าเพดาน / เพดาน / ผนัง","ก่อสร้างศูนย์สำรวจและเฝ้าระวังชายฝั่ง จุดชมวิว และท่าเรือ จำนวน 1 แห่ง","แห่ง","1","729458","729458"
"2.5.6","งานจัดหาและติดตั้งพร้อม ตกแต่งพื้น / ทางเดิน / บันได","ก่อสร้างศูนย์สำรวจและเฝ้าระวังชายฝั่ง จุดชมวิว และท่าเรือ จำนวน 1 แห่ง","แห่ง","1","405733.75","405733.75"
"2.5.7","งานจัดหาและติดตั้ง ประตู-หน้าต่าง","ก่อสร้างศูนย์สำรวจและเฝ้าระวังชายฝั่ง จุดชมวิว และท่าเรือ จำนวน 1 แห่ง","แห่ง","1","322608","322608"
"2.5.8","งานจัดหาและติดตั้งลูกกรงและราวบันได","ก่อสร้างศูนย์สำรวจและเฝ้าระวังชายฝั่ง จุดชมวิว และท่าเรือ จำนวน 1 แห่ง","แห่ง","1","282684","282684"
"2.5.9","งานจัดหาและติดตั้งร่องระบายน้ำ","ก่อสร้างศูนย์สำรวจและเฝ้าระวังชายฝั่ง จุดชมวิว และท่าเรือ จำนวน 1 แห่ง","แห่ง","1","80775","80775"
"2.5.10","งานจัดหาและติดตั้งสุขภัณฑ์และอุปกรณ์ประกอบ ห้องน้ำ 1","ก่อสร้างศูนย์สำรวจและเฝ้าระวังชายฝั่ง จุดชมวิว และท่าเรือ จำนวน 1 แห่ง","แห่ง","1","298562.5","298562.5"
"2.5.11","งานจัดหาและติดตั้งปูนปั้นรอบอาคาร","ก่อสร้างศูนย์สำรวจและเฝ้าระวังชายฝั่ง จุดชมวิว และท่าเรือ จำนวน 1 แห่ง","แห่ง","1","48465","48465"
"2.6","กลุ่มงานที่ 3 อาคารพักอาศัยเจ้าหน้าที่และศาลาพักผ่อน (Zone C)","ก่อสร้างศูนย์สำรวจและเฝ้าระวังชายฝั่ง จุดชมวิว และท่าเรือ จำนวน 1 แห่ง","","","",""
"","งานโครงสร้างวิศวกรรม","ก่อสร้างศูนย์สำรวจและเฝ้าระวังชายฝั่ง จุดชมวิว และท่าเรือ จำนวน 1 แห่ง","","","",""
"2.6.1","งานจัดหาและติดตั้งเสาเข็ม","ก่อสร้างศูนย์สำรวจและเฝ้าระวังชายฝั่ง จุดชมวิว และท่าเรือ จำนวน 1 แห่ง","","","",""
"2.6.1.1","งานตอกเสาเข็ม คอร. ขนาด 0.40x0.40 ม.","ก่อสร้างศูนย์สำรวจและเฝ้าระวังชายฝั่ง จุดชมวิว และท่าเรือ จำนวน 1 แห่ง","ต้น","68","27898","1897064"
"2.6.1.2","งานสกัดหัวเสาเข็ม","ก่อสร้างศูนย์สำรวจและเฝ้าระวังชายฝั่ง จุดชมวิว และท่าเรือ จำนวน 1 แห่ง","ต้น","68","415","28220"
"2.6.1.3","งานทดสอบการรับน้ำหนักของเสาเข็ม Dynamic Load Test","ก่อสร้างศูนย์สำรวจและเฝ้าระวังชายฝั่ง จุดชมวิว และท่าเรือ จำนวน 1 แห่ง","ต้น","1","31969","31969"
"2.6.2","งานโครงสร้างคอนกรีตเสริมเหล็ก","ก่อสร้างศูนย์สำรวจและเฝ้าระวังชายฝั่ง จุดชมวิว และท่าเรือ จำนวน 1 แห่ง","แห่ง","1","2044102","2044102"
"2.6.3","งานจัดหาและติดตั้งโครงหลังคา","ก่อสร้างศูนย์สำรวจและเฝ้าระวังชายฝั่ง จุดชมวิว และท่าเรือ จำนวน 1 แห่ง","แห่ง","1","909935","909935"
"","งานสถาปัตยกรรม","ก่อสร้างศูนย์สำรวจและเฝ้าระวังชายฝั่ง จุดชมวิว และท่าเรือ จำนวน 1 แห่ง","","","",""
"2.6.4","งานจัดหาและติดตั้งวัสดุมุงหลังคาและส่วนประกอบอื่นๆ","ก่อสร้างศูนย์สำรวจและเฝ้าระวังชายฝั่ง จุดชมวิว และท่าเรือ จำนวน 1 แห่ง","แห่ง","1","489517","489517"
"2.6.5","งานจัดหาและติดตั้งฝ้าเพดาน / เพดาน / ผนัง","ก่อสร้างศูนย์สำรวจและเฝ้าระวังชายฝั่ง จุดชมวิว และท่าเรือ จำนวน 1 แห่ง","แห่ง","1","754110","754110"
"2.6.6","งานจัดหาและติดตั้งพร้อม ตกแต่งพื้น / ทางเดิน / บันได","ก่อสร้างศูนย์สำรวจและเฝ้าระวังชายฝั่ง จุดชมวิว และท่าเรือ จำนวน 1 แห่ง","แห่ง","1","340139","340139"
"2.6.7","งานจัดหาและติดตั้งประตู-หน้าต่าง","ก่อสร้างศูนย์สำรวจและเฝ้าระวังชายฝั่ง จุดชมวิว และท่าเรือ จำนวน 1 แห่ง","แห่ง","1","353120","353120"
"2.6.8","งานจัดหาและติดตั้งลูกกรงและราวบันได","ก่อสร้างศูนย์สำรวจและเฝ้าระวังชายฝั่ง จุดชมวิว และท่าเรือ จำนวน 1 แห่ง","แห่ง","1","121140","121140"
"2.6.9","งานจัดหาและติดตั้งสุขภัณฑ์และอุปกรณ์ประกอบ ห้องน้ำ 4","ก่อสร้างศูนย์สำรวจและเฝ้าระวังชายฝั่ง จุดชมวิว และท่าเรือ จำนวน 1 แห่ง","แห่ง","1","70157.6","70157.6"
"2.7","กลุ่มที่ 4 อาคารสำนักงาน ห้องประชุม/พักผ่อน (Zone D)","ก่อสร้างศูนย์สำรวจและเฝ้าระวังชายฝั่ง จุดชมวิว และท่าเรือ จำนวน 1 แห่ง","","","",""
"","งานโครงสร้างวิศวกรรม","ก่อสร้างศูนย์สำรวจและเฝ้าระวังชายฝั่ง จุดชมวิว และท่าเรือ จำนวน 1 แห่ง","","","",""
"2.7.1","งานจัดหาและติดตั้งเสาเข็ม","ก่อสร้างศูนย์สำรวจและเฝ้าระวังชายฝั่ง จุดชมวิว และท่าเรือ จำนวน 1 แห่ง","","","",""
"2.7.1.1","งานตอกเสาเข็ม คอร. ขนาด 0.40x0.40 ม.","ก่อสร้างศูนย์สำรวจและเฝ้าระวังชายฝั่ง จุดชมวิว และท่าเรือ จำนวน 1 แห่ง","ต้น","55","27898","1534390"
"2.7.1.2","งานสกัดหัวเสาเข็ม","ก่อสร้างศูนย์สำรวจและเฝ้าระวังชายฝั่ง จุดชมวิว และท่าเรือ จำนวน 1 แห่ง","ต้น","55","415","22825"
"2.7.1.3","งานทดสอบการรับน้ำหนักของเสาเข็ม Dynamic Load Test","ก่อสร้างศูนย์สำรวจและเฝ้าระวังชายฝั่ง จุดชมวิว และท่าเรือ จำนวน 1 แห่ง","ต้น","1","31969","31969"
"2.7.2","งานโครงสร้างคอนกรีตเสริมเหล็ก","ก่อสร้างศูนย์สำรวจและเฝ้าระวังชายฝั่ง จุดชมวิว และท่าเรือ จำนวน 1 แห่ง","แห่ง","1","2315108","2315108"
"2.7.3","งานจัดหาและติดตั้งโครงหลังคา","ก่อสร้างศูนย์สำรวจและเฝ้าระวังชายฝั่ง จุดชมวิว และท่าเรือ จำนวน 1 แห่ง","แห่ง","1","754466","754466"
"","งานสถาปัตยกรรม","ก่อสร้างศูนย์สำรวจและเฝ้าระวังชายฝั่ง จุดชมวิว และท่าเรือ จำนวน 1 แห่ง","","","",""
"2.7.4","งานจัดหาและติดตั้งวัสดุมุงหลังคาและส่วนประกอบอื่นๆ","ก่อสร้างศูนย์สำรวจและเฝ้าระวังชายฝั่ง จุดชมวิว และท่าเรือ จำนวน 1 แห่ง","แห่ง","1","413464","413464"
"2.7.5","งานจัดหาและติดตั้ง ฝ้าเพดาน / เพดาน / ผนัง","ก่อสร้างศูนย์สำรวจและเฝ้าระวังชายฝั่ง จุดชมวิว และท่าเรือ จำนวน 1 แห่ง","แห่ง","1","701145","701145"
"2.7.6","งานจัดหาและติดตั้งพร้อม ตกแต่งพื้น / ทางเดิน / บันได","ก่อสร้างศูนย์สำรวจและเฝ้าระวังชายฝั่ง จุดชมวิว และท่าเรือ จำนวน 1 แห่ง","แห่ง","1","290214","290214"
"2.7.8","งานจัดหาและติดตั้งประตู-หน้าต่าง","ก่อสร้างศูนย์สำรวจและเฝ้าระวังชายฝั่ง จุดชมวิว และท่าเรือ จำนวน 1 แห่ง","แห่ง","1","370730","370730"
"2.7.9","งานจัดหาและติดตั้งลูกกรงและราวบันได","ก่อสร้างศูนย์สำรวจและเฝ้าระวังชายฝั่ง จุดชมวิว และท่าเรือ จำนวน 1 แห่ง","แห่ง","1","100950","100950"
"2.7.10","งานจัดหาและติดตั้งสุขภัณฑ์และอุปกรณ์ประกอบ ห้องน้ำ 2","ก่อสร้างศูนย์สำรวจและเฝ้าระวังชายฝั่ง จุดชมวิว และท่าเรือ จำนวน 1 แห่ง","แห่ง","1","81238.6","81238.6"
"2.8","กลุ่มงานที่ 5 อาคารห้องแสดงวีดิทัศน์ (Zone F)","ก่อสร้างศูนย์สำรวจและเฝ้าระวังชายฝั่ง จุดชมวิว และท่าเรือ จำนวน 1 แห่ง","","","",""
"","งานโครงสร้างวิศวกรรม","ก่อสร้างศูนย์สำรวจและเฝ้าระวังชายฝั่ง จุดชมวิว และท่าเรือ จำนวน 1 แห่ง","","","",""
"2.8.1","งานจัดหาและติดตั้งเสาเข็ม","ก่อสร้างศูนย์สำรวจและเฝ้าระวังชายฝั่ง จุดชมวิว และท่าเรือ จำนวน 1 แห่ง","","","",""
"2.8.1.1","งานตอกเสาเข็ม คอร. ขนาด 0.40x0.40 ม.","ก่อสร้างศูนย์สำรวจและเฝ้าระวังชายฝั่ง จุดชมวิว และท่าเรือ จำนวน 1 แห่ง","ต้น","30","27898","836940"
"2.8.1.2","งานสกัดหัวเสาเข็ม","ก่อสร้างศูนย์สำรวจและเฝ้าระวังชายฝั่ง จุดชมวิว และท่าเรือ จำนวน 1 แห่ง","ต้น","30","415","12450"
"2.8.1.3","งานทดสอบการรับน้ำหนักของเสาเข็ม Dynamic Load Test","ก่อสร้างศูนย์สำรวจและเฝ้าระวังชายฝั่ง จุดชมวิว และท่าเรือ จำนวน 1 แห่ง","ต้น","1","31969","31969"
"2.8.2","งานโครงสร้างคอนกรีตเสริมเหล็ก","ก่อสร้างศูนย์สำรวจและเฝ้าระวังชายฝั่ง จุดชมวิว และท่าเรือ จำนวน 1 แห่ง","แห่ง","1","1717458","1717458"
"2.8.3","งานจัดหาและติดตั้งวัสดุมุงหลังคาและส่วนประกอบอื่นๆ","ก่อสร้างศูนย์สำรวจและเฝ้าระวังชายฝั่ง จุดชมวิว และท่าเรือ จำนวน 1 แห่ง","แห่ง","1","406958","406958"
"","งานสถาปัตยกรรม","ก่อสร้างศูนย์สำรวจและเฝ้าระวังชายฝั่ง จุดชมวิว และท่าเรือ จำนวน 1 แห่ง","","","",""
"2.8.4","งานจัดหาและติดตั้งหลังคา","ก่อสร้างศูนย์สำรวจและเฝ้าระวังชายฝั่ง จุดชมวิว และท่าเรือ จำนวน 1 แห่ง","แห่ง","1","233205","233205"
"2.8.5","งานจัดหาและติดตั้ง ฝ้าเพดาน / เพดาน / ผนัง","ก่อสร้างศูนย์สำรวจและเฝ้าระวังชายฝั่ง จุดชมวิว และท่าเรือ จำนวน 1 แห่ง","แห่ง","1","802162.5","802162.5"
"2.8.6","งานจัดหาและติดตั้งพร้อม ตกแต่งพื้น / ทางเดิน / บันได","ก่อสร้างศูนย์สำรวจและเฝ้าระวังชายฝั่ง จุดชมวิว และท่าเรือ จำนวน 1 แห่ง","แห่ง","1","481603.5","481603.5"
"2.8.7","งานจัดหาและติดตั้ง ประตู-หน้าต่าง","ก่อสร้างศูนย์สำรวจและเฝ้าระวังชายฝั่ง จุดชมวิว และท่าเรือ จำนวน 1 แห่ง","แห่ง","1","428272","428272"
"2.8.8","งานจัดหาและติดตั้ง ลูกกรงและราวบันได","ก่อสร้างศูนย์สำรวจและเฝ้าระวังชายฝั่ง จุดชมวิว และท่าเรือ จำนวน 1 แห่ง","แห่ง","1","24228","24228"
"2.8.9","งานจัดหาและติดตั้ง ปูนปั้นรอบอาคาร","ก่อสร้างศูนย์สำรวจและเฝ้าระวังชายฝั่ง จุดชมวิว และท่าเรือ จำนวน 1 แห่ง","แห่ง","1","107700","107700"
"2.9","กลุ่มงานที่ 6 อาคารหอสังเกตการณ์/ชมวิว และห้องรับรอง/อเนกประสงค์ (Zone G)","ก่อสร้างศูนย์สำรวจและเฝ้าระวังชายฝั่ง จุดชมวิว และท่าเรือ จำนวน 1 แห่ง","","","",""
"","งานโครงสร้างวิศวกรรม","ก่อสร้างศูนย์สำรวจและเฝ้าระวังชายฝั่ง จุดชมวิว และท่าเรือ จำนวน 1 แห่ง","","","",""
"2.9.1","งานจัดหาและติดตั้งเสาเข็ม","ก่อสร้างศูนย์สำรวจและเฝ้าระวังชายฝั่ง จุดชมวิว และท่าเรือ จำนวน 1 แห่ง","","","",""
"2.9.1.1","งานตอกเสาเข็ม คอร. ขนาด 0.40x0.40 ม.","ก่อสร้างศูนย์สำรวจและเฝ้าระวังชายฝั่ง จุดชมวิว และท่าเรือ จำนวน 1 แห่ง","ต้น","58","27898","1618084"
"2.9.1.2","งานสกัดหัวเสาเข็ม","ก่อสร้างศูนย์สำรวจและเฝ้าระวังชายฝั่ง จุดชมวิว และท่าเรือ จำนวน 1 แห่ง","ต้น","58","415","24070"
"2.9.1.3","งานทดสอบการรับน้ำหนักของเสาเข็ม Dynamic Load Test","ก่อสร้างศูนย์สำรวจและเฝ้าระวังชายฝั่ง จุดชมวิว และท่าเรือ จำนวน 1 แห่ง","ต้น","1","31969","31969"
"2.9.2","งานโครงสร้างคอนกรีตเสริมเหล็ก","ก่อสร้างศูนย์สำรวจและเฝ้าระวังชายฝั่ง จุดชมวิว และท่าเรือ จำนวน 1 แห่ง","แห่ง","1","2589928","2589928"
"2.9.3","งานจัดหาและติดตั้งโครงหลังคา","ก่อสร้างศูนย์สำรวจและเฝ้าระวังชายฝั่ง จุดชมวิว และท่าเรือ จำนวน 1 แห่ง","แห่ง","1","416044","416044"
"","งานสถาปัตยกรรม","ก่อสร้างศูนย์สำรวจและเฝ้าระวังชายฝั่ง จุดชมวิว และท่าเรือ จำนวน 1 แห่ง","","","",""
"2.9.4","งานจัดหาและติดตั้งวัสดุมุงหลังคาและส่วนประกอบอื่นๆ","ก่อสร้างศูนย์สำรวจและเฝ้าระวังชายฝั่ง จุดชมวิว และท่าเรือ จำนวน 1 แห่ง","แห่ง","1","236794","236794"
"2.9.5","งานจัดหาและติดตั้ง ฝ้าเพดาน / เพดาน / ผนัง","ก่อสร้างศูนย์สำรวจและเฝ้าระวังชายฝั่ง จุดชมวิว และท่าเรือ จำนวน 1 แห่ง","แห่ง","1","616429.5","616429.5"
"2.9.6","งานจัดหาและติดตั้ง ตกแต่งพื้น / ทางเดิน / บันได","ก่อสร้างศูนย์สำรวจและเฝ้าระวังชายฝั่ง จุดชมวิว และท่าเรือ จำนวน 1 แห่ง","แห่ง","1","496137.5","496137.5"
"2.9.7","งานจัดหาและติดตั้ง ประตู-หน้าต่าง","ก่อสร้างศูนย์สำรวจและเฝ้าระวังชายฝั่ง จุดชมวิว และท่าเรือ จำนวน 1 แห่ง","แห่ง","1","281776","281776"
"2.9.8","งานจัดหาและติดตั้ง ลูกกรงและราวบันได","ก่อสร้างศูนย์สำรวจและเฝ้าระวังชายฝั่ง จุดชมวิว และท่าเรือ จำนวน 1 แห่ง","แห่ง","1","163066","163066"
"2.9.9","งานจัดหาและติดตั้งสุขภัณฑ์และอุปกรณ์ประกอบ ห้องน้ำ 3","ก่อสร้างศูนย์สำรวจและเฝ้าระวังชายฝั่ง จุดชมวิว และท่าเรือ จำนวน 1 แห่ง","แห่ง","1","82001.9","82001.9"
"2.1","กลุ่มที่ 7 จุดบริการนักท่องเที่ยว","ก่อสร้างศูนย์สำรวจและเฝ้าระวังชายฝั่ง จุดชมวิว และท่าเรือ จำนวน 1 แห่ง","","","",""
"","งานโครงสร้างวิศวกรรม","ก่อสร้างศูนย์สำรวจและเฝ้าระวังชายฝั่ง จุดชมวิว และท่าเรือ จำนวน 1 แห่ง","","","",""
"2.10.1","งานจัดหาและติดตั้งเสาเข็ม","ก่อสร้างศูนย์สำรวจและเฝ้าระวังชายฝั่ง จุดชมวิว และท่าเรือ จำนวน 1 แห่ง","","","",""
"2.10.1.1","งานตอกเสาเข็ม คอร. ขนาด 0.40x0.40 ม.","ก่อสร้างศูนย์สำรวจและเฝ้าระวังชายฝั่ง จุดชมวิว และท่าเรือ จำนวน 1 แห่ง","ต้น","68","27898","1897064"
"2.10.1.2","งานสกัดหัวเสาเข็ม","ก่อสร้างศูนย์สำรวจและเฝ้าระวังชายฝั่ง จุดชมวิว และท่าเรือ จำนวน 1 แห่ง","ต้น","68","415","28220"
"2.10.1.3","งานทดสอบการรับน้ำหนักของเสาเข็ม Dynamic Load Test","ก่อสร้างศูนย์สำรวจและเฝ้าระวังชายฝั่ง จุดชมวิว และท่าเรือ จำนวน 1 แห่ง","ต้น","1","31969","31969"
"2.10.2","งานโครงสร้างคอนกรีตเสริมเหล็ก","ก่อสร้างศูนย์สำรวจและเฝ้าระวังชายฝั่ง จุดชมวิว และท่าเรือ จำนวน 1 แห่ง","แห่ง","1","3159648","3159648"
"2.10.3","งานจัดหาและติดตั้งโครงหลังคา","ก่อสร้างศูนย์สำรวจและเฝ้าระวังชายฝั่ง จุดชมวิว และท่าเรือ จำนวน 1 แห่ง","แห่ง","1","2083138","2083138"
"","งานสถาปัตยกรรม","ก่อสร้างศูนย์สำรวจและเฝ้าระวังชายฝั่ง จุดชมวิว และท่าเรือ จำนวน 1 แห่ง","","","",""
"2.10.4","งานจัดหาและติดตั้งวัสดุมุงหลังคาและส่วนประกอบอื่นๆ","ก่อสร้างศูนย์สำรวจและเฝ้าระวังชายฝั่ง จุดชมวิว และท่าเรือ จำนวน 1 แห่ง","แห่ง","1","1172978","1172978"
"2.10.5","งานจัดหาและติดตั้ง ตกแต่งพื้น / ทางเดิน / บันได","ก่อสร้างศูนย์สำรวจและเฝ้าระวังชายฝั่ง จุดชมวิว และท่าเรือ จำนวน 1 แห่ง","แห่ง","1","503130","503130"
"2.10.6","งานจัดหาและติดตั้งประตู-หน้าต่าง","ก่อสร้างศูนย์สำรวจและเฝ้าระวังชายฝั่ง จุดชมวิว และท่าเรือ จำนวน 1 แห่ง","แห่ง","1","67978","67978"
"2.10.7","งานจัดหาและติดตั้งป้ายสัญญลักษณ์","ก่อสร้างศูนย์สำรวจและเฝ้าระวังชายฝั่ง จุดชมวิว และท่าเรือ จำนวน 1 แห่ง","แห่ง","1","111723","111723"
"2.10.8","งานทาสีผิวจราจร","ก่อสร้างศูนย์สำรวจและเฝ้าระวังชายฝั่ง จุดชมวิว และท่าเรือ จำนวน 1 แห่ง","ตร.ม.","20","250.25","5005"
"2.10.9","งานจัดหาและติดตั้งลูกกรงและราวบันได","ก่อสร้างศูนย์สำรวจและเฝ้าระวังชายฝั่ง จุดชมวิว และท่าเรือ จำนวน 1 แห่ง","แห่ง","1","269200","269200"
"2.11","กลุ่มที่ 8 ท่าเรือและอู่จอดเรือ","ก่อสร้างศูนย์สำรวจและเฝ้าระวังชายฝั่ง จุดชมวิว และท่าเรือ จำนวน 1 แห่ง","","","",""
"","งานโครงสร้างวิศวกรรม","ก่อสร้างศูนย์สำรวจและเฝ้าระวังชายฝั่ง จุดชมวิว และท่าเรือ จำนวน 1 แห่ง","","","",""
"2.11.1","งานจัดหาและติดตั้งเสาเข็ม","ก่อสร้างศูนย์สำรวจและเฝ้าระวังชายฝั่ง จุดชมวิว และท่าเรือ จำนวน 1 แห่ง","","","",""
"2.11.1.1","งานตอกเสาเข็ม คอร. ขนาด 0.40x0.40 ม.","ก่อสร้างศูนย์สำรวจและเฝ้าระวังชายฝั่ง จุดชมวิว และท่าเรือ จำนวน 1 แห่ง","ต้น","43","27898","1199614"
"2.11.1.2","งานสกัดหัวเสาเข็ม","ก่อสร้างศูนย์สำรวจและเฝ้าระวังชายฝั่ง จุดชมวิว และท่าเรือ จำนวน 1 แห่ง","ต้น","43","415","17845"
"2.11.1.3","งานทดสอบการรับน้ำหนักของเสาเข็ม Dynamic Load Test","ก่อสร้างศูนย์สำรวจและเฝ้าระวังชายฝั่ง จุดชมวิว และท่าเรือ จำนวน 1 แห่ง","ต้น","1","31969","31969"
"2.11.2","งานโครงสร้างคอนกรีตเสริมเหล็ก","ก่อสร้างศูนย์สำรวจและเฝ้าระวังชายฝั่ง จุดชมวิว และท่าเรือ จำนวน 1 แห่ง","แห่ง","1","1332710","1332710"
"2.11.3","งานจัดหาและติดตั้งโครงหลังคา","ก่อสร้างศูนย์สำรวจและเฝ้าระวังชายฝั่ง จุดชมวิว และท่าเรือ จำนวน 1 แห่ง","แห่ง","1","219295","219295"
"","งานสถาปัตยกรรม","ก่อสร้างศูนย์สำรวจและเฝ้าระวังชายฝั่ง จุดชมวิว และท่าเรือ จำนวน 1 แห่ง","","","",""
"2.11.4","งานจัดหาและติดตั้งวัสดุมุงหลังคาและส่วนประกอบอื่นๆ","ก่อสร้างศูนย์สำรวจและเฝ้าระวังชายฝั่ง จุดชมวิว และท่าเรือ จำนวน 1 แห่ง","แห่ง","1","123950","123950"
"2.11.5","งานจัดหาและติดตั้งพร้อม ตกแต่งพื้น / ทางเดิน / บันได","ก่อสร้างศูนย์สำรวจและเฝ้าระวังชายฝั่ง จุดชมวิว และท่าเรือ จำนวน 1 แห่ง","แห่ง","1","24435","24435"
"2.11.6","งานจัดหาและติดตั้ง ลูกกรงและราวบันได","ก่อสร้างศูนย์สำรวจและเฝ้าระวังชายฝั่ง จุดชมวิว และท่าเรือ จำนวน 1 แห่ง","แห่ง","1","161520","161520"
"2.12","งานหลังคา SLAB ทางเชื่อมระหว่างกลุ่มอาคาร","ก่อสร้างศูนย์สำรวจและเฝ้าระวังชายฝั่ง จุดชมวิว และท่าเรือ จำนวน 1 แห่ง","","","",""
"","งานโครงสร้างวิศวกรรม","ก่อสร้างศูนย์สำรวจและเฝ้าระวังชายฝั่ง จุดชมวิว และท่าเรือ จำนวน 1 แห่ง","","","",""
"2.12.1","งานโครงสร้างคอนกรีตเสริมเหล็ก","ก่อสร้างศูนย์สำรวจและเฝ้าระวังชายฝั่ง จุดชมวิว และท่าเรือ จำนวน 1 แห่ง","แห่ง","1","1176343","1176343"
"2.13","งานทางเดิน","ก่อสร้างศูนย์สำรวจและเฝ้าระวังชายฝั่ง จุดชมวิว และท่าเรือ จำนวน 1 แห่ง","","","",""
"","งานโครงสร้างวิศวกรรม","ก่อสร้างศูนย์สำรวจและเฝ้าระวังชายฝั่ง จุดชมวิว และท่าเรือ จำนวน 1 แห่ง","","","",""
"2.13.1","งานจัดหาและติดตั้งเสาเข็ม","ก่อสร้างศูนย์สำรวจและเฝ้าระวังชายฝั่ง จุดชมวิว และท่าเรือ จำนวน 1 แห่ง","","","",""
"2.13.1.1","งานตอกเสาเข็ม คอร. ขนาด 0.40x0.40 ม.","ก่อสร้างศูนย์สำรวจและเฝ้าระวังชายฝั่ง จุดชมวิว และท่าเรือ จำนวน 1 แห่ง","ต้น","230","27898","6416540"
"2.13.1.2","งานสกัดหัวเสาเข็ม","ก่อสร้างศูนย์สำรวจและเฝ้าระวังชายฝั่ง จุดชมวิว และท่าเรือ จำนวน 1 แห่ง","ต้น","230","415","95450"
"2.13.1.3","งานทดสอบการรับน้ำหนักของเสาเข็ม Dynamic Load Test","ก่อสร้างศูนย์สำรวจและเฝ้าระวังชายฝั่ง จุดชมวิว และท่าเรือ จำนวน 1 แห่ง","ต้น","1","31969","31969"
"2.13.2","งานโครงสร้างคอนกรีตเสริมเหล็ก","ก่อสร้างศูนย์สำรวจและเฝ้าระวังชายฝั่ง จุดชมวิว และท่าเรือ จำนวน 1 แห่ง","แห่ง","1","6385701","6385701"
"2.13.3","งานบันไดพร้อมทางลาดเชื่อมระหว่างสะพานทางเดินของศูนย์สำรวจฯกับสะพานทางเดิน","ก่อสร้างศูนย์สำรวจและเฝ้าระวังชายฝั่ง จุดชมวิว และท่าเรือ จำนวน 1 แห่ง","แห่ง","1","14728","14728"
"","ของสำนักงานเขตบางขุนเทียน","ก่อสร้างศูนย์สำรวจและเฝ้าระวังชายฝั่ง จุดชมวิว และท่าเรือ จำนวน 1 แห่ง","","","",""
"2.14","งานโป๊ะเรือ","ก่อสร้างศูนย์สำรวจและเฝ้าระวังชายฝั่ง จุดชมวิว และท่าเรือ จำนวน 1 แห่ง","","","",""
"2.14.1","งานจัดหาและติดตั้งแพเหล็ก","ก่อสร้างศูนย์สำรวจและเฝ้าระวังชายฝั่ง จุดชมวิว และท่าเรือ จำนวน 1 แห่ง","แห่ง","1","576562","576562"
"2.14.2","งานจัดหาและติดตั้งโครงเสายึดแพเหล็ก","ก่อสร้างศูนย์สำรวจและเฝ้าระวังชายฝั่ง จุดชมวิว และท่าเรือ จำนวน 1 แห่ง","แห่ง","1","2421335","2421335"
"2.14.3","งานจัดหาและติดตั้งสะพานเหล็กเชื่อมศาลาท่าน้ำกับโป๊ะเรือ","ก่อสร้างศูนย์สำรวจและเฝ้าระวังชายฝั่ง จุดชมวิว และท่าเรือ จำนวน 1 แห่ง","แห่ง","1","822554","822554"
"2.15","งานวิศวกรรมระบบไฟฟ้า","ก่อสร้างศูนย์สำรวจและเฝ้าระวังชายฝั่ง จุดชมวิว และท่าเรือ จำนวน 1 แห่ง","","","",""
"2.15.1","งานจัดหาและติดตั้งระบบไฟแรงสูง HIGHT VOLTAGE","ก่อสร้างศูนย์สำรวจและเฝ้าระวังชายฝั่ง จุดชมวิว และท่าเรือ จำนวน 1 แห่ง","","","",""
"2.15.1.1","งานปักเสาพาดสายขยายเขตไฟฟ้า หลังจากเชื่อมต่อมิเตอร์ไฟฟ้า","ก่อสร้างศูนย์สำรวจและเฝ้าระวังชายฝั่ง จุดชมวิว และท่าเรือ จำนวน 1 แห่ง","กม.","3.5","1850830","6477905"
"2.15.1.2","งานจัดหาและติดตั้งหม้อแปลงไฟฟ้า 250kVA 22kV/400-230V 3P 4W 50Hz","ก่อสร้างศูนย์สำรวจและเฝ้าระวังชายฝั่ง จุดชมวิว และท่าเรือ จำนวน 1 แห่ง","ชุด","1","437469","437469"
"2.15.1.3","งานจัดหาและติดตั้งฟิวส์ตัดตอนแรงสูง 22 kV/ 400-230V 3P 4W 50 Hz","ก่อสร้างศูนย์สำรวจและเฝ้าระวังชายฝั่ง จุดชมวิว และท่าเรือ จำนวน 1 แห่ง","ชุด","1","342684","342684"
"2.15.1.4","งานจัดหาและติดตั้งนั่งร้านสำหรับติดตั้งหม้อแปลงและมิเตอร์ไฟฟ้า พร้อมอุปกรณ์","ก่อสร้างศูนย์สำรวจและเฝ้าระวังชายฝั่ง จุดชมวิว และท่าเรือ จำนวน 1 แห่ง","ชุด","1","218734","218734"
"2.15.1.5","งานจัดหาและติดตั้งเครื่องกำเนิดไฟฟ้า ขนาด 500 KVA","ก่อสร้างศูนย์สำรวจและเฝ้าระวังชายฝั่ง จุดชมวิว และท่าเรือ จำนวน 1 แห่ง","ชุด","1","4150347","4150347"
"2.15.2","งานจัดหาและติดตั้งตู้ควบคุมระบบไฟฟ้าแรงต่ำ 8 กลุ่มอาคาร","ก่อสร้างศูนย์สำรวจและเฝ้าระวังชายฝั่ง จุดชมวิว และท่าเรือ จำนวน 1 แห่ง","รายการ","1","204264","204264"
"2.15.3","งานจัดหาและติดตั้งไฟฟ้าแสงสว่าง","ก่อสร้างศูนย์สำรวจและเฝ้าระวังชายฝั่ง จุดชมวิว และท่าเรือ จำนวน 1 แห่ง","แห่ง","1","592263","592263"
"2.15.4","งานจัดหาและติดตั้งแผงสวิตซ์ไฟฟ้า เต้ารับและเต้าเสียบและอุปกรณ์ไฟฟ้าอื่น ๆ","ก่อสร้างศูนย์สำรวจและเฝ้าระวังชายฝั่ง จุดชมวิว และท่าเรือ จำนวน 1 แห่ง","รายการ","1","70638.35","70638.35"
"2.15.5","งานจัดหาและติดตั้งท่อร้อยสายไฟและเดินสายไฟฟ้า 8 กลุ่มอาคาร","ก่อสร้างศูนย์สำรวจและเฝ้าระวังชายฝั่ง จุดชมวิว และท่าเรือ จำนวน 1 แห่ง","รายการ","1","1848811","1848811"
"2.15.6","งานจัดหาและติดตั้งระบบล่อฟ้าและลงดิน 8 กลุ่มอาคาร","ก่อสร้างศูนย์สำรวจและเฝ้าระวังชายฝั่ง จุดชมวิว และท่าเรือ จำนวน 1 แห่ง","รายการ","1","138868","138868"
"2.15.7","งานจัดหาและติดตั้งพัดลมระบายอากาศ","ก่อสร้างศูนย์สำรวจและเฝ้าระวังชายฝั่ง จุดชมวิว และท่าเรือ จำนวน 1 แห่ง","แห่ง","1","1626","1626"
"2.16","งานระบบสุขาภิบาล","ก่อสร้างศูนย์สำรวจและเฝ้าระวังชายฝั่ง จุดชมวิว และท่าเรือ จำนวน 1 แห่ง","","","",""
"2.16.1","งานจัดหาและติดตั้งระบบประปา 8 กลุ่มอาคาร","ก่อสร้างศูนย์สำรวจและเฝ้าระวังชายฝั่ง จุดชมวิว และท่าเรือ จำนวน 1 แห่ง","รายการ","1","2524184.1","2524184.1"
"2.16.2","งานจัดหาและติดตั้งระบบบำบัดน้ำเสีย 8 กลุ่มอาคาร","ก่อสร้างศูนย์สำรวจและเฝ้าระวังชายฝั่ง จุดชมวิว และท่าเรือ จำนวน 1 แห่ง","รายการ","1","738162.5","738162.5"
"2.16.3","งานจัดหาและติดตั้งระบบระบายน้ำฝน","ก่อสร้างศูนย์สำรวจและเฝ้าระวังชายฝั่ง จุดชมวิว และท่าเรือ จำนวน 1 แห่ง","รายการ","1","25014","25014"
"2.16.4","งานจัดหาและติดตั้งระบบดับเพลิง","ก่อสร้างศูนย์สำรวจและเฝ้าระวังชายฝั่ง จุดชมวิว และท่าเรือ จำนวน 1 แห่ง","รายการ","1","4357078","4357078"
"2.16.5","งานจัดหาและติดตั้งท่อน้ำดับเพลิง","ก่อสร้างศูนย์สำรวจและเฝ้าระวังชายฝั่ง จุดชมวิว และท่าเรือ จำนวน 1 แห่ง","รายการ","1","944709","944709"
"3","งานจัดหาและติดตั้งครุภัณฑ์","งานจัดหาและติดตั้งครุภัณฑ์","","","",""
"3.1","งานจัดหาและติดตั้งระบบควบคุมทางไกลเพื่อตรวจวัดพฤติกรรมชายฝั่งทะเล","งานจัดหาและติดตั้งครุภัณฑ์","รายการ","1","9120330","9120330"
"3.2","งานจัดหาและติดตั้งเครื่องปรับอากาศ แบบแยกส่วน (ราคารวมค่าติดตั้ง)","งานจัดหาและติดตั้งครุภัณฑ์","รายการ","1","546517","546517"
"3.3","งานจัดหาและติดตั้งครุภัณฑ์สำนักงาน กลุ่มอาคาร 1 ถึง 8","งานจัดหาและติดตั้งครุภัณฑ์","รายการ","1","5049319","5049319"
"4","ค่าใช้จ่ายพิเศษตามข้อกำหนดเฉพาะงานและค่าใช้จ่ายอื่นที่จำเป็นต้องมี (ตลอดการก่อสร้างจนกว่างานจะแล้วเสร็จ)","ค่าใช้จ่ายพิเศษตามข้อกำหนดเฉพาะงานและค่าใช้จ่ายอื่นที่จำเป็นต้องมี (ตลอดการก่อสร้างจนกว่างานจะแล้วเสร็จ)","รายการ","1","95927903.7","95927903.7"